id,created_at,email,password
1,2026-02-09 18:00:03.910181,kkk@naver.com,$2a$10$WXbi9HLEsxAdbFPPnZDNGe.1cXPyoZKoOP/GOLcPid01xfOorBbPO
2,2026-02-10 10:50:26.862733,hhh@naver.com,$2a$10$79PqiRydIBuLnxpwtilqKOmd7lRJfA9BOKmrYjpoRuyvznRUk3A52
3,2026-02-10 11:02:50.934017,aaa@naver.com,$2a$10$OW/QkvsEsSZ1HQtiaUKPf.PDCOm3pReb1yHaHrj1oUT/dpp76vwGy
4,2026-02-10 11:04:04.150418,bbb@naver.com,$2a$10$dSkYWHoXXZIwIL0f5r29VO1oF9csDTFyIJVxCynGz4LtCBeZqQ9Pi
5,2026-02-10 11:05:46.599863,ccc@naver.com,$2a$10$AftVX/1iAivLFdJp2KnlR./p6swesfvtBPXnajtW4yy.yoCGNiLKa
6,2026-02-10 11:06:50.302241,dddd@naver.com,$2a$10$v8iiVHIuytUMD6wpc6/bHOd33iaUOcVyBCF4Z/aWbpj4dSCP6Gf5u
7,2026-02-10 11:08:11.430024,www@naver.com,$2a$10$g2OQhx8ciHTqU6Lj6lcryexO0b1Ve6WfwifWBDTZE9qWjB3C.1N7W
8,2026-02-10 11:11:21.840437,aws@naver.com,$2a$10$JwlgtLyxV.hoCly60wdHLOjw9/oIoh7Ut/loZN.qBkwrVecAaJY8W
9,2026-02-10 11:12:17.007247,asdfa@naver.com,$2a$10$07AtIANNzZ4bRTjERMa0D.SUWxISASFGzVgueZ6CX7A9zvJE7I.3.
10,2026-02-10 11:13:34.091736,aswd@naver.com,$2a$10$SUF7xc32G0PgVA/Ir/nAHuwsseSO.wcXXwdHcbiRvHQzaNFPNIXHe
11,2026-02-10 11:14:38.821836,bbbbbbb@naver.com,$2a$10$w/OgJ8NEYdPIuRYv/xFiSODJ9HGAQZ.ZRT430iHCj40gVp0ktpQ9S
12,2026-02-10 02:20:58.834924,yoonseob10@example.com,$2a$10$abcdefghijk1234567890hashedpassword
21,2026-02-10 02:47:15.996029,kim_haneul@example.com,$2a$10$abcdefghijk1234567890hashedpassword
22,2026-02-10 02:47:15.996029,lee_haneul@example.com,$2a$10$abcdefghijk1234567890hashedpassword
23,2026-02-10 02:47:15.996029,park_haneul@example.com,$2a$10$abcdefghijk1234567890hashedpassword
24,2026-02-10 02:47:15.996029,choi_haneul@example.com,$2a$10$abcdefghijk1234567890hashedpassword
25,2026-02-10 02:47:15.996029,jung_haneul@example.com,$2a$10$abcdefghijk1234567890hashedpassword
26,2026-02-10 02:47:15.996029,kang_haneul@example.com,$2a$10$abcdefghijk1234567890hashedpassword
27,2026-02-10 02:47:15.996029,jo_haneul@example.com,$2a$10$abcdefghijk1234567890hashedpassword
28,2026-02-10 02:47:15.996029,yoon_haneul@example.com,$2a$10$abcdefghijk1234567890hashedpassword
29,2026-02-10 02:47:15.996029,jang_haneul@example.com,$2a$10$abcdefghijk1234567890hashedpassword
30,2026-02-10 02:47:15.996029,han_haneul@example.com,$2a$10$abcdefghijk1234567890hashedpassword
13,2026-02-13 15:10:12.386399,iii@naver.com,$2a$10$lwDU3tCcY2lJqleJ5.x3AO/oMwxaSkZbavf6.o75B/L8P47fGodJy
