id,created_at,date_at,meal_id,member_id
1,2026-02-10 08:00:35.873735,2026-02-01,1,1
2,2026-02-10 08:00:35.873735,2026-02-01,2,1
3,2026-02-10 08:00:35.873735,2026-02-01,3,1
4,2026-02-10 08:00:35.873735,2026-02-01,4,1
5,2026-02-10 08:00:35.873735,2026-02-02,5,1
6,2026-02-10 08:00:35.873735,2026-02-02,6,1
7,2026-02-10 08:00:35.873735,2026-02-02,7,1
8,2026-02-10 08:00:35.873735,2026-02-02,8,1
9,2026-02-10 08:00:35.873735,2026-02-03,9,1
10,2026-02-10 08:00:35.873735,2026-02-03,10,1
11,2026-02-10 08:00:35.873735,2026-02-03,11,1
12,2026-02-10 08:00:35.873735,2026-02-03,12,1
13,2026-02-10 08:00:35.873735,2026-02-04,13,1
14,2026-02-10 08:00:35.873735,2026-02-04,14,1
15,2026-02-10 08:00:35.873735,2026-02-04,15,1
16,2026-02-10 08:00:35.873735,2026-02-04,16,1
17,2026-02-10 08:00:35.873735,2026-02-05,17,1
18,2026-02-10 08:00:35.873735,2026-02-05,18,1
19,2026-02-10 08:00:35.873735,2026-02-05,19,1
20,2026-02-10 08:00:35.873735,2026-02-05,20,1
21,2026-02-10 08:00:35.873735,2026-02-06,21,1
22,2026-02-10 08:00:35.873735,2026-02-06,22,1
23,2026-02-10 08:00:35.873735,2026-02-06,23,1
24,2026-02-10 08:00:35.873735,2026-02-06,24,1
25,2026-02-10 08:00:35.873735,2026-02-07,25,1
26,2026-02-10 08:00:35.873735,2026-02-07,26,1
27,2026-02-10 08:00:35.873735,2026-02-07,27,1
28,2026-02-10 08:00:35.873735,2026-02-07,28,1
29,2026-02-10 08:00:35.873735,2026-02-08,29,1
30,2026-02-10 08:00:35.873735,2026-02-08,30,1
31,2026-02-10 08:00:35.873735,2026-02-08,31,1
32,2026-02-10 08:00:35.873735,2026-02-08,32,1
33,2026-02-10 08:00:35.873735,2026-02-09,33,1
34,2026-02-10 08:00:35.873735,2026-02-09,34,1
35,2026-02-10 08:00:35.873735,2026-02-09,35,1
36,2026-02-10 08:00:35.873735,2026-02-09,36,1
37,2026-02-10 08:00:35.873735,2026-02-10,37,1
38,2026-02-10 08:00:35.873735,2026-02-10,38,1
39,2026-02-10 08:00:35.873735,2026-02-10,39,1
40,2026-02-10 08:00:35.873735,2026-02-10,40,1
41,2026-02-10 08:00:35.873735,2026-02-01,41,1
42,2026-02-10 08:00:35.873735,2026-02-02,42,1
43,2026-02-10 08:00:35.873735,2026-02-03,43,1
44,2026-02-10 08:00:35.873735,2026-02-04,44,1
45,2026-02-10 08:00:35.873735,2026-02-05,45,1
46,2026-02-10 08:00:35.873735,2026-02-06,46,1
47,2026-02-10 08:00:35.873735,2026-02-07,47,1
48,2026-02-10 08:00:35.873735,2026-02-08,48,1
49,2026-02-10 08:00:35.873735,2026-02-09,49,1
50,2026-02-10 08:00:35.873735,2026-02-10,50,1
