id,filename,org_filename
1,LB/sect2_bg.png,sect2_bg.png
2,LB/sect2_bg.png,sect2_bg.png
3,LB/sect2_bg.png,sect2_bg.png
4,LB/sect2_bg.png,sect2_bg.png
5,LB/sect2_bg.png,sect2_bg.png
6,LB/sect2_bg.png,sect2_bg.png
7,LB/sect2_bg.png,sect2_bg.png
8,LB/sect2_bg.png,sect2_bg.png
9,LB/sect2_bg.png,sect2_bg.png
10,LB/sect2_bg.png,sect2_bg.png
11,LB/hel.png,hel.png
12,LB/run2.png,run2.png
13,LB/food.png,food.png
14,LB/sal.png,sal.png
15,LB/sect2_bg.png,sect2_bg.png
16,LB/meet.png,meet.png
17,LB/die.png,die.png
18,LB/hel.png,hel.png
19,LB/run2.png,run2.png
20,LB/food.png,food.png
21,LB/sal.png,sal.png
22,LB/sect2_bg.png,sect2_bg.png
23,LB/meet.png,meet.png
24,LB/die.png,die.png
25,LB/hel.png,hel.png
26,LB/run2.png,run2.png
27,LB/food.png,food.png
28,LB/sal.png,sal.png
29,LB/sect2_bg.png,sect2_bg.png
30,LB/meet.png,meet.png
31,LB/die.png,die.png
32,LB/hel.png,hel.png
33,bf739c8b-c952-4e24-8c92-ab86bd309b01.png,die.png
34,83e9c508-0e90-434e-be67-c098700f8a9d.png,die.png
35,bbcf2a81-ead5-4f85-9971-63006311a9e3.png,food.png
36,e6a1eb28-73c8-41c4-b3d8-0f61fbc07209.png,meet.png
37,460cfa12-459f-4030-8e14-5b7ab463620d.png,run.png
38,2db4b194-e98a-4b0d-9497-f03f534e3f8d.png,run2.png
39,f1407880-228a-403a-8da5-6eda110fbd2a.png,die2.png
40,b753bc48-0432-4411-a16e-cb61105f97c5.png,catt.png
41,83150241-91c0-40d3-a27b-c682d18a5534.png,cattt.png
42,c39a429f-e6e9-47da-96b2-5840a2023691.png,dieee.png
